"controle","nb_lignes","pct_base"
"flag_COH_ancien_debut_avant_16_ans",2390,0.3
"flag_COH_apport_sup_ou_egal_prix",5788,0.72
"flag_COH_defaut_mais_dpd_lt90",8354,1.04
"flag_COH_dpd_ge90_mais_sain",8036,1
"flag_COH_ltv_incoherent",11596,1.44
"flag_COH_mensualite_incoherente",39441,4.91
"flag_COH_neuf_avec_age_positif",12739,1.59
"flag_COH_neuf_km_sup_100",11686,1.45
"flag_COH_occasion_age_zero",1131,0.14
"flag_COH_pret_diff_prix_moins_apport",16349,2.04
"flag_COH_pret_sup_prix",4225,0.53
"flag_COH_retraite_avec_anciennete",77840,9.69
"flag_COH_retraite_moins_de_55_ans",65846,8.2
"flag_COH_sans_emploi_avec_anciennete",24899,3.1
"flag_COH_type_vs_marque",0,0
"flag_COM_valeur_manquante",0,0
"flag_COM_valeur_sentinelle_9999",780,0.1
"flag_PLA_occasion_km_inf_1000",4594,0.57
"flag_PLA_occasion_km_par_an_sup_30000",1584,0.2
"flag_PLA_pret_sup_140000",14,0
"flag_PLA_prix_extreme_sup_300000",992,0.12
"flag_PLA_revenu_aberrant",4006,0.5
"flag_PLA_sans_emploi_revenu_sup_5000",1285,0.16
"flag_SOLV_charges_sup_100_du_revenu",41456,5.16
"flag_SOLV_endettement_total_sup_60",171015,21.29
"flag_SOLV_mensualite_sup_revenu",24806,3.09
"flag_SOLV_prix_sup_3_ans_de_revenu",27279,3.4
"flag_TMP_anciennete_vs_dates",15032,1.87
"flag_TMP_debut_emploi_apres_arrete",71,0.01
"flag_TMP_debut_emploi_apres_octroi",4755,0.59
"flag_TMP_debut_emploi_avant_16_ans",4683,0.58
"flag_TMP_dpd_sup_730",0,0
"flag_TMP_dpd_sup_jours_ecoules",0,0
"flag_TMP_format_date",0,0
"flag_TMP_octroi_hors_periode",0,0
"flag_UNI_ligne_identique",3208,0.4
"flag_UNI_loan_id_doublon",5798,0.72
"flag_VAL_age_hors_18_80",5803,0.72
"flag_VAL_age_vehicule_hors_0_12",0,0
"flag_VAL_anciennete_hors_0_45",0,0
"flag_VAL_apport_negatif",0,0
"flag_VAL_default_flag_hors_0_1",0,0
"flag_VAL_dpd_negatif",1629,0.2
"flag_VAL_duree_hors_liste",0,0
"flag_VAL_endettement_hors_0_60",9935,1.24
"flag_VAL_genre",0,0
"flag_VAL_id_format",350,0.04
"flag_VAL_km_negatif",1204,0.15
"flag_VAL_ltv_hors_0_1",0,0
"flag_VAL_mensualite_negative",1594,0.2
"flag_VAL_mensualite_theo_incalculable",0,0
"flag_VAL_modalites_hors_dico",0,0
"flag_VAL_montant_pret_nul_ou_negatif",0,0
"flag_VAL_nb_prets_hors_0_6",0,0
"flag_VAL_pays_hors_liste",0,0
"flag_VAL_prix_hors_4000_140000",2008,0.25
"flag_VAL_revenu_hors_750_15000",6349,0.79
"flag_VAL_revenu_hors_dico_mais_plausible",2343,0.29
"flag_VAL_score_hors_300_850",0,0
"flag_VAL_taux_hors_1_5_15",7621,0.95
